create table city (id bigint not null auto_increment, name varchar(255) not null, state_id bigint not null, primary key (id)) engine=InnoDB;
create table cuisine (id bigint not null auto_increment, name varchar(255) not null, primary key (id)) engine=InnoDB;
create table payment_method (id bigint not null auto_increment, description varchar(255) not null, primary key (id)) engine=InnoDB;
create table permission (id bigint not null auto_increment, description varchar(255), name varchar(255) not null, primary key (id)) engine=InnoDB;
create table product (id bigint not null auto_increment, active bit not null, description varchar(255) not null, name varchar(255) not null, price decimal(19,2) not null, restaurant_id bigint not null, primary key (id)) engine=InnoDB;
create table restaurant (id bigint not null auto_increment, address_complement varchar(255), address_district varchar(255), address_number varchar(255), address_postal_code varchar(255), address_street varchar(255), created_at datetime not null, freight_rate decimal(19,2) not null, name varchar(255) not null, updated_at datetime not null, address_city_id bigint, cuisine_id bigint not null, primary key (id)) engine=InnoDB;
create table retaurant_payment_method (restaurant_id bigint not null, payment_method_id bigint not null) engine=InnoDB;
create table state (id bigint not null auto_increment, name varchar(255) not null, primary key (id)) engine=InnoDB;
create table user (id bigint not null auto_increment, created_at datetime not null, email varchar(255) not null, name varchar(255) not null, password varchar(255) not null, primary key (id)) engine=InnoDB;
create table user_group_permission (user_group_id bigint not null, permission_id bigint not null) engine=InnoDB;
create table user_user_group (user_id bigint not null, user_group_id bigint not null) engine=InnoDB;
create table user_group (id bigint not null auto_increment, name varchar(255) not null, primary key (id)) engine=InnoDB;
alter table city add constraint FK6p2u50v8fg2y0js6djc6xanit foreign key (state_id) references state (id);
alter table product add constraint FKp4b7e36gck7975p51raud8juk foreign key (restaurant_id) references restaurant (id);
alter table restaurant add constraint FK8pcwgn41lfg43d8u82ewn3cn foreign key (address_city_id) references city (id);
alter table restaurant add constraint FKa1mopooywwfnvq23on35n6xdm foreign key (cuisine_id) references cuisine (id);
alter table retaurant_payment_method add constraint FKo5pqutiefk8d725thaum2cfx8 foreign key (payment_method_id) references payment_method (id);
alter table retaurant_payment_method add constraint FKd5oxpvrafvj18f3dyp97b8sy2 foreign key (restaurant_id) references restaurant (id);
alter table user_group_permission add constraint FKbn8t0q3ild5ps4nath5tb9sda foreign key (permission_id) references permission (id);
alter table user_group_permission add constraint FKpvewqags2qqto6e9afvwadde foreign key (user_group_id) references user_group (id);
alter table user_user_group add constraint FK7boxheehqs7kae1l5a7otk135 foreign key (user_group_id) references user_group (id);
alter table user_user_group add constraint FK6faqha02a9ovo95234knlwtu1 foreign key (user_id) references user (id);
INSERT INTO cuisine (id, name) values (1, 'Tailandesa');
INSERT INTO cuisine (id, name) values (2, 'Indiana');
INSERT INTO cuisine (id, name) values (3, 'Argentina');
INSERT INTO cuisine (id, name) values (4, 'Brasileira');
INSERT INTO state (id, name) VALUES (1, 'Bahia');
INSERT INTO state (id, name) VALUES (2, 'São Paulo');
INSERT INTO city (id, name, state_id) VALUES (1, 'Manoel Vitorino', 1);
INSERT INTO city (id, name, state_id) VALUES (2, 'Santa Inês', 1);
INSERT INTO city (id, name, state_id) VALUES (3, 'Santo André', 2);
INSERT INTO restaurant (id, name, freight_rate, cuisine_id, created_at, updated_at, address_city_id, address_postal_code, address_street, address_number, address_district) VALUES (1, 'Thai Gourmet', 10, 1, utc_timestamp, utc_timestamp, 1, '38400-999', 'Rua João Pinheiro', '1000', 'Centro');
INSERT INTO restaurant (id, name, freight_rate, cuisine_id, created_at, updated_at) VALUES (2, 'Thai Delivery', 9.50, 1, utc_timestamp, utc_timestamp);
INSERT INTO restaurant (id, name, freight_rate, cuisine_id, created_at, updated_at) VALUES (3, 'Tuk Tuk Comida Indiana', 15, 2, utc_timestamp, utc_timestamp);
INSERT INTO restaurant (id, name, freight_rate, cuisine_id, created_at, updated_at) VALUES (4, 'Java Steakhouse', 12, 3, utc_timestamp, utc_timestamp);
INSERT INTO restaurant (id, name, freight_rate, cuisine_id, created_at, updated_at) VALUES (5, 'Lanchonete do Tio Sam', 11, 4, utc_timestamp, utc_timestamp);
INSERT INTO restaurant (id, name, freight_rate, cuisine_id, created_at, updated_at) VALUES (6, 'Bar da Maria', 6, 4, utc_timestamp, utc_timestamp);
INSERT INTO payment_method (id, description) VALUES (1, 'Cartão de crédito');
INSERT INTO payment_method (id, description) VALUES (2, 'Cartão de débito');
INSERT INTO payment_method (id, description) VALUES (3, 'Dinheiro');
INSERT INTO permission (id, name, description) VALUES (1, 'CONSULTAR_COZINHAS', 'Permite consultar cozinhas');
INSERT INTO permission (id, name, description) VALUES (2, 'EDITAR_COZINHAS', 'Permite editar cozinhas');
INSERT INTO retaurant_payment_method (restaurant_id, payment_method_id) VALUES (1, 1), (1, 2), (1, 3), (2, 3), (3, 2), (3, 3), (4, 1), (4, 2), (5, 1), (5, 2), (6, 3);
INSERT INTO product (name, description, price, active, restaurant_id) VALUES ('Porco com molho agridoce', 'Deliciosa carne suína ao molho especial', 78.90, 1, 1);
INSERT INTO product (name, description, price, active, restaurant_id) VALUES ('Camarão tailandês', '16 camarões grandes ao molho picante', 110, 1, 1);
INSERT INTO product (name, description, price, active, restaurant_id) VALUES ('Salada picante com carne grelhada', 'Salada de folhas com cortes finos de carne bovina grelhada e nosso molho especial de pimenta vermelha', 87.20, 1, 2);
INSERT INTO product (name, description, price, active, restaurant_id) VALUES ('Garlic Naan', 'Pão tradicional indiano com cobertura de alho', 21, 1, 3);
INSERT INTO product (name, description, price, active, restaurant_id) VALUES ('Murg Curry', 'Cubos de frango preparados com molho curry e especiarias', 43, 1, 3);
INSERT INTO product (name, description, price, active, restaurant_id) VALUES ('Bife Ancho', 'Corte macio e suculento, com dois dedos de espessura, retirado da parte dianteira do contrafilé', 79, 1, 4);
INSERT INTO product (name, description, price, active, restaurant_id) VALUES ('T-Bone', 'Corte muito saboroso, com um osso em formato de T, sendo de um lado o contrafilé e do outro o filé mignon', 89, 1, 4);
INSERT INTO product (name, description, price, active, restaurant_id) VALUES ('Sanduíche X-Tudo', 'Sandubão com muito queijo, hamburger bovino, bacon, ovo, salada e maionese', 19, 1, 5);
INSERT INTO product (name, description, price, active, restaurant_id) VALUES ('Espetinho de Cupim', 'Acompanha farinha, mandioca e vinagrete', 8, 1, 6);
